[
  {
    "component": "header",
    "classList": [
      "header"
    ],
    "body": [
      {
        "component": "div",
        "classList": [
          "wrapper__inner"
        ],
        "body": [
          {
            "component": "logo"
          }
        ]
      }
    ]
  },
  {
    "component": "section",
    "classList": [
      "main"
    ],
    "body": [
      {
        "component": "div",
        "classList": [
          "wrapper__inner"
        ],
        "body": [
          {
            "component": "wordsTable"
          }
        ]
      }
    ]
  },
  {
    "component": "footer",
    "classList": [
      "footer"
    ],
    "body": [
      {
        "component": "div",
        "classList": [
          "wrapper__inner"
        ],
        "body": [
          "&copy; 2025 Словарик"
        ]
      }
    ]
  }
]